2023-07-03 00:00,1.091270,1.091270,1.091250,1.091260,10
2023-07-03 00:01,1.091270,1.091300,1.091250,1.091250,10
2023-07-03 00:02,1.091260,1.091300,1.091250,1.091300,10
2023-07-03 00:03,1.091300,1.091400,1.091300,1.091390,10
2023-07-03 00:04,1.091400,1.091420,1.091370,1.091400,10
2023-07-03 00:05,1.091400,1.091400,1.091350,1.091360,10
2023-07-03 00:06,1.091350,1.091360,1.091270,1.091290,10
2023-07-03 00:07,1.091290,1.091300,1.091250,1.091290,10
2023-07-03 00:08,1.091300,1.091330,1.091300,1.091330,10
2023-07-03 00:09,1.091330,1.091330,1.091310,1.091330,10
2023-07-03 00:10,1.091360,1.091410,1.091340,1.091380,10
2023-07-03 00:11,1.091390,1.091410,1.091350,1.091350,10
2023-07-03 00:12,1.091350,1.091430,1.091340,1.091400,10
2023-07-03 00:13,1.091410,1.091440,1.091400,1.091430,10
2023-07-03 00:14,1.091430,1.091430,1.091390,1.091410,10
2023-07-03 00:15,1.091410,1.091430,1.091400,1.091420,10
2023-07-03 00:16,1.091420,1.091420,1.091390,1.091390,10
2023-07-03 00:17,1.091400,1.091410,1.091390,1.091390,10
2023-07-03 00:18,1.091390,1.091400,1.091370,1.091380,10
2023-07-03 00:19,1.091380,1.091400,1.091360,1.091390,10
2023-07-03 00:20,1.091390,1.091400,1.091360,1.091360,10
2023-07-03 00:21,1.091360,1.091360,1.091360,1.091360,10
2023-07-03 00:22,1.091360,1.091370,1.091290,1.091350,10
2023-07-03 00:23,1.091350,1.091450,1.091320,1.091450,10
2023-07-03 00:24,1.091450,1.091460,1.091420,1.091450,10
2023-07-03 00:25,1.091430,1.091520,1.091430,1.091520,10
2023-07-03 00:26,1.091540,1.091590,1.091540,1.091590,10
2023-07-03 00:27,1.091590,1.091600,1.091590,1.091600,10
2023-07-03 00:28,1.091600,1.091650,1.091600,1.091600,10
2023-07-03 00:29,1.091610,1.091610,1.091570,1.091570,10
2023-07-03 00:30,1.091560,1.091600,1.091560,1.091570,10
2023-07-03 00:31,1.091570,1.091570,1.091450,1.091480,10
2023-07-03 00:32,1.091490,1.091500,1.091480,1.091490,10
2023-07-03 00:33,1.091500,1.091530,1.091470,1.091490,10
2023-07-03 00:34,1.091480,1.091520,1.091440,1.091520,10
2023-07-03 00:35,1.091510,1.091540,1.091500,1.091530,10
2023-07-03 00:36,1.091540,1.091560,1.091440,1.091440,10
2023-07-03 00:37,1.091450,1.091450,1.091400,1.091430,10
2023-07-03 00:38,1.091420,1.091490,1.091390,1.091490,10
2023-07-03 00:39,1.091480,1.091490,1.091450,1.091490,10
2023-07-03 00:40,1.091490,1.091500,1.091490,1.091500,10
2023-07-03 00:41,1.091500,1.091500,1.091480,1.091490,10
2023-07-03 00:42,1.091500,1.091500,1.091450,1.091450,10
2023-07-03 00:43,1.091440,1.091490,1.091400,1.091490,10
2023-07-03 00:44,1.091490,1.091500,1.091440,1.091460,10
2023-07-03 00:45,1.091470,1.091510,1.091460,1.091460,10
2023-07-03 00:46,1.091460,1.091510,1.091460,1.091510,10
2023-07-03 00:47,1.091510,1.091560,1.091490,1.091540,10
2023-07-03 00:48,1.091550,1.091560,1.091520,1.091550,10
2023-07-03 00:49,1.091560,1.091560,1.091510,1.091510,10
2023-07-03 00:50,1.091510,1.091510,1.091430,1.091450,10
2023-07-03 00:51,1.091450,1.091460,1.091420,1.091450,10
2023-07-03 00:52,1.091460,1.091500,1.091460,1.091490,10
2023-07-03 00:53,1.091490,1.091510,1.091490,1.091510,10
2023-07-03 00:54,1.091510,1.091540,1.091490,1.091540,10
2023-07-03 00:55,1.091550,1.091650,1.091540,1.091650,10
2023-07-03 00:56,1.091660,1.091800,1.091660,1.091770,10
2023-07-03 00:57,1.091780,1.091810,1.091750,1.091760,10
2023-07-03 00:58,1.091760,1.091760,1.091680,1.091700,10
2023-07-03 00:59,1.091700,1.091760,1.091680,1.091750,10
2023-07-03 01:00,1.091740,1.091740,1.091560,1.091590,10
2023-07-03 01:01,1.091610,1.091650,1.091600,1.091650,10
2023-07-03 01:02,1.091650,1.091660,1.091590,1.091600,10
2023-07-03 01:03,1.091600,1.091660,1.091590,1.091600,10
2023-07-03 01:04,1.091600,1.091600,1.091540,1.091540,10
2023-07-03 01:05,1.091550,1.091610,1.091540,1.091610,10
2023-07-03 01:06,1.091610,1.091680,1.091600,1.091600,10
2023-07-03 01:07,1.091600,1.091630,1.091540,1.091540,10
2023-07-03 01:08,1.091540,1.091680,1.091530,1.091680,10
2023-07-03 01:09,1.091690,1.091690,1.091640,1.091640,10
2023-07-03 01:10,1.091640,1.091670,1.091630,1.091660,10
2023-07-03 01:11,1.091650,1.091680,1.091630,1.091630,10
2023-07-03 01:12,1.091640,1.091640,1.091570,1.091580,10
2023-07-03 01:13,1.091580,1.091630,1.091580,1.091590,10
2023-07-03 01:14,1.091600,1.091630,1.091580,1.091610,10
2023-07-03 01:15,1.091610,1.091620,1.091530,1.091540,10
2023-07-03 01:16,1.091550,1.091600,1.091540,1.091580,10
2023-07-03 01:17,1.091590,1.091700,1.091580,1.091670,10
2023-07-03 01:18,1.091650,1.091670,1.091620,1.091620,10
2023-07-03 01:19,1.091620,1.091640,1.091580,1.091590,10
2023-07-03 01:20,1.091580,1.091600,1.091500,1.091530,10
2023-07-03 01:21,1.091520,1.091540,1.091480,1.091540,10
2023-07-03 01:22,1.091530,1.091550,1.091450,1.091480,10
2023-07-03 01:23,1.091510,1.091560,1.091480,1.091480,10
2023-07-03 01:24,1.091460,1.091480,1.091430,1.091450,10
2023-07-03 01:25,1.091440,1.091480,1.091400,1.091460,10
2023-07-03 01:26,1.091470,1.091600,1.091470,1.091600,10
2023-07-03 01:27,1.091610,1.091630,1.091580,1.091580,10
2023-07-03 01:28,1.091590,1.091600,1.091540,1.091550,10
2023-07-03 01:29,1.091540,1.091600,1.091540,1.091560,10
2023-07-03 01:30,1.091560,1.091600,1.091550,1.091560,10
2023-07-03 01:31,1.091560,1.091740,1.091560,1.091740,10
2023-07-03 01:32,1.091750,1.091780,1.091660,1.091680,10
2023-07-03 01:33,1.091680,1.091750,1.091640,1.091700,10
2023-07-03 01:34,1.091720,1.091800,1.091720,1.091750,10
2023-07-03 01:35,1.091740,1.091790,1.091740,1.091780,10
2023-07-03 01:36,1.091790,1.091800,1.091700,1.091700,10
2023-07-03 01:37,1.091700,1.091710,1.091650,1.091710,10
2023-07-03 01:38,1.091700,1.091710,1.091640,1.091650,10
2023-07-03 01:39,1.091650,1.091650,1.091530,1.091560,10
2023-07-03 01:40,1.091560,1.091560,1.091520,1.091540,10
2023-07-03 01:41,1.091550,1.091570,1.091530,1.091540,10
2023-07-03 01:42,1.091530,1.091610,1.091530,1.091600,10
2023-07-03 01:43,1.091590,1.091600,1.091540,1.091590,10
2023-07-03 01:44,1.091590,1.091590,1.091440,1.091440,10
2023-07-03 01:45,1.091440,1.091440,1.091140,1.091230,10
2023-07-03 01:46,1.091240,1.091240,1.091170,1.091200,10
2023-07-03 01:47,1.091190,1.091240,1.091160,1.091230,10
2023-07-03 01:48,1.091220,1.091280,1.091200,1.091270,10
2023-07-03 01:49,1.091280,1.091280,1.091170,1.091230,10
2023-07-03 01:50,1.091240,1.091270,1.091210,1.091210,10
2023-07-03 01:51,1.091230,1.091240,1.091180,1.091190,10
2023-07-03 01:52,1.091200,1.091200,1.091110,1.091150,10
2023-07-03 01:53,1.091150,1.091200,1.091130,1.091190,10
2023-07-03 01:54,1.091200,1.091200,1.091120,1.091140,10
2023-07-03 01:55,1.091140,1.091140,1.090940,1.090940,10
2023-07-03 01:56,1.090930,1.090960,1.090740,1.090740,10
2023-07-03 01:57,1.090730,1.090730,1.090560,1.090580,10
2023-07-03 01:58,1.090570,1.090580,1.090380,1.090420,10
2023-07-03 01:59,1.090410,1.090410,1.090300,1.090330,10
2023-07-03 02:00,1.090320,1.090680,1.090280,1.090650,10
2023-07-03 02:01,1.090650,1.090650,1.090450,1.090570,10
2023-07-03 02:02,1.090570,1.090570,1.090340,1.090450,10
2023-07-03 02:03,1.090450,1.090490,1.090260,1.090280,10
2023-07-03 02:04,1.090290,1.090290,1.090130,1.090160,10
2023-07-03 02:05,1.090150,1.090270,1.090070,1.090210,10
2023-07-03 02:06,1.090200,1.090270,1.090110,1.090180,10
2023-07-03 02:07,1.090170,1.090190,1.089800,1.089800,10
2023-07-03 02:08,1.089810,1.089810,1.089580,1.089680,10
2023-07-03 02:09,1.089650,1.089740,1.089630,1.089740,10
2023-07-03 02:10,1.089750,1.089750,1.089530,1.089530,10
2023-07-03 02:11,1.089540,1.089690,1.089390,1.089580,10
2023-07-03 02:12,1.089580,1.089600,1.089300,1.089440,10
2023-07-03 02:13,1.089440,1.089440,1.089300,1.089420,10
2023-07-03 02:14,1.089420,1.089510,1.089390,1.089420,10
2023-07-03 02:15,1.089410,1.089450,1.089000,1.089150,10
2023-07-03 02:16,1.089150,1.089150,1.089040,1.089120,10
2023-07-03 02:17,1.089110,1.089120,1.088880,1.088950,10
2023-07-03 02:18,1.088950,1.089120,1.088900,1.089080,10
2023-07-03 02:19,1.089080,1.089160,1.088960,1.089100,10
2023-07-03 02:20,1.089090,1.089160,1.088950,1.089050,10
2023-07-03 02:21,1.089060,1.089110,1.088890,1.088890,10
2023-07-03 02:22,1.088900,1.088950,1.088820,1.088900,10
2023-07-03 02:23,1.088900,1.089000,1.088890,1.088950,10
2023-07-03 02:24,1.088930,1.089060,1.088910,1.089060,10
2023-07-03 02:25,1.089050,1.089150,1.089050,1.089060,10
2023-07-03 02:26,1.089060,1.089060,1.088900,1.088970,10
2023-07-03 02:27,1.088970,1.089070,1.088940,1.089000,10
2023-07-03 02:28,1.089000,1.089300,1.088990,1.089290,10
2023-07-03 02:29,1.089290,1.089300,1.089140,1.089260,10
2023-07-03 02:30,1.089260,1.089260,1.089060,1.089120,10
2023-07-03 02:31,1.089100,1.089180,1.089020,1.089020,10
2023-07-03 02:32,1.089020,1.089030,1.088910,1.088950,10
2023-07-03 02:33,1.088950,1.089030,1.088850,1.088850,10
2023-07-03 02:34,1.088870,1.088910,1.088830,1.088870,10
2023-07-03 02:35,1.088900,1.089070,1.088890,1.089010,10
2023-07-03 02:36,1.089010,1.089130,1.088940,1.088960,10
2023-07-03 02:37,1.088960,1.089010,1.088860,1.088860,10
2023-07-03 02:38,1.088870,1.088970,1.088820,1.088970,10
2023-07-03 02:39,1.088960,1.089020,1.088850,1.088850,10
2023-07-03 02:40,1.088860,1.088970,1.088840,1.088920,10
2023-07-03 02:41,1.088940,1.088950,1.088810,1.088840,10
2023-07-03 02:42,1.088840,1.088980,1.088820,1.088980,10
2023-07-03 02:43,1.088980,1.088980,1.088820,1.088920,10
2023-07-03 02:44,1.088920,1.089040,1.088920,1.088970,10
2023-07-03 02:45,1.088980,1.089130,1.088980,1.089030,10
2023-07-03 02:46,1.089020,1.089060,1.088970,1.089010,10
2023-07-03 02:47,1.089010,1.089080,1.088980,1.089070,10
2023-07-03 02:48,1.089070,1.089180,1.089070,1.089180,10
2023-07-03 02:49,1.089180,1.089230,1.089120,1.089130,10
2023-07-03 02:50,1.089150,1.089170,1.089120,1.089120,10
2023-07-03 02:51,1.089120,1.089210,1.089010,1.089170,10
2023-07-03 02:52,1.089170,1.089460,1.089170,1.089320,10
2023-07-03 02:53,1.089320,1.089380,1.089210,1.089360,10
2023-07-03 02:54,1.089360,1.089360,1.089250,1.089280,10
2023-07-03 02:55,1.089280,1.089310,1.089200,1.089230,10
2023-07-03 02:56,1.089220,1.089410,1.089220,1.089350,10
2023-07-03 02:57,1.089350,1.089360,1.089200,1.089200,10
2023-07-03 02:58,1.089200,1.089230,1.088960,1.088990,10
2023-07-03 02:59,1.089000,1.089140,1.088970,1.089020,10
2023-07-03 03:00,1.089000,1.089070,1.088600,1.088810,10
2023-07-03 03:01,1.088820,1.088920,1.088750,1.088760,10
2023-07-03 03:02,1.088750,1.088830,1.088560,1.088660,10
2023-07-03 03:03,1.088660,1.088830,1.088600,1.088830,10
2023-07-03 03:04,1.088830,1.088830,1.088730,1.088730,10
2023-07-03 03:05,1.088720,1.088720,1.088360,1.088460,10
2023-07-03 03:06,1.088470,1.088560,1.088370,1.088370,10
2023-07-03 03:07,1.088400,1.088510,1.088360,1.088390,10
2023-07-03 03:08,1.088400,1.088720,1.088400,1.088650,10
2023-07-03 03:09,1.088650,1.088660,1.088550,1.088550,10
2023-07-03 03:10,1.088550,1.088800,1.088550,1.088680,10
2023-07-03 03:11,1.088660,1.088750,1.088520,1.088560,10
2023-07-03 03:12,1.088560,1.088560,1.088260,1.088270,10
2023-07-03 03:13,1.088250,1.088380,1.088220,1.088290,10
2023-07-03 03:14,1.088300,1.088320,1.088150,1.088240,10
2023-07-03 03:15,1.088240,1.088350,1.088030,1.088180,10
2023-07-03 03:16,1.088180,1.088430,1.088140,1.088370,10
2023-07-03 03:17,1.088390,1.088460,1.088180,1.088180,10
2023-07-03 03:18,1.088190,1.088260,1.088020,1.088080,10
2023-07-03 03:19,1.088070,1.088240,1.088000,1.088220,10
2023-07-03 03:20,1.088220,1.088280,1.088090,1.088090,10
2023-07-03 03:21,1.088110,1.088250,1.088110,1.088160,10
2023-07-03 03:22,1.088180,1.088180,1.087960,1.088040,10
2023-07-03 03:23,1.088070,1.088090,1.088030,1.088070,10
2023-07-03 03:24,1.088070,1.088140,1.087950,1.088140,10
2023-07-03 03:25,1.088150,1.088290,1.087990,1.087990,10
2023-07-03 03:26,1.087990,1.088090,1.087890,1.088090,10
2023-07-03 03:27,1.088080,1.088100,1.087980,1.088060,10
2023-07-03 03:28,1.088070,1.088140,1.087920,1.087980,10
2023-07-03 03:29,1.087970,1.088140,1.087970,1.088040,10
2023-07-03 03:30,1.088040,1.088140,1.087960,1.088110,10
2023-07-03 03:31,1.088120,1.088280,1.088100,1.088180,10
2023-07-03 03:32,1.088170,1.088190,1.088010,1.088080,10
2023-07-03 03:33,1.088070,1.088150,1.088020,1.088080,10
2023-07-03 03:34,1.088070,1.088140,1.087960,1.088090,10
2023-07-03 03:35,1.088070,1.088140,1.088010,1.088140,10
2023-07-03 03:36,1.088140,1.088320,1.088120,1.088240,10
2023-07-03 03:37,1.088270,1.088350,1.088010,1.088050,10
2023-07-03 03:38,1.088050,1.088050,1.087890,1.087900,10
2023-07-03 03:39,1.087890,1.088020,1.087880,1.087980,10
2023-07-03 03:40,1.087970,1.087970,1.087780,1.087930,10
2023-07-03 03:41,1.087930,1.088040,1.087870,1.088010,10
2023-07-03 03:42,1.088020,1.088100,1.087880,1.087910,10
2023-07-03 03:43,1.087930,1.087980,1.087790,1.087860,10
2023-07-03 03:44,1.087860,1.088040,1.087830,1.088030,10
2023-07-03 03:45,1.088020,1.088030,1.087700,1.087700,10
2023-07-03 03:46,1.087710,1.087740,1.087500,1.087560,10
2023-07-03 03:47,1.087560,1.087590,1.087460,1.087510,10
2023-07-03 03:48,1.087520,1.087520,1.087200,1.087200,10
2023-07-03 03:49,1.087200,1.087220,1.087130,1.087140,10
2023-07-03 03:50,1.087180,1.087450,1.087180,1.087440,10
2023-07-03 03:51,1.087420,1.087420,1.087220,1.087290,10
2023-07-03 03:52,1.087270,1.087300,1.087180,1.087200,10
2023-07-03 03:53,1.087190,1.087300,1.087180,1.087260,10
2023-07-03 03:54,1.087240,1.087470,1.087190,1.087410,10
2023-07-03 03:55,1.087420,1.087420,1.087020,1.087190,10
2023-07-03 03:56,1.087200,1.087330,1.087200,1.087240,10
2023-07-03 03:57,1.087240,1.087270,1.087120,1.087210,10
2023-07-03 03:58,1.087220,1.087330,1.087210,1.087210,10
2023-07-03 03:59,1.087220,1.087550,1.087220,1.087490,10
2023-07-03 04:00,1.087480,1.087510,1.087300,1.087430,10
2023-07-03 04:01,1.087430,1.087700,1.087420,1.087610,10
2023-07-03 04:02,1.087600,1.087770,1.087570,1.087670,10
2023-07-03 04:03,1.087670,1.087680,1.087610,1.087660,10
2023-07-03 04:04,1.087670,1.087830,1.087670,1.087800,10
2023-07-03 04:05,1.087810,1.087950,1.087810,1.087860,10
2023-07-03 04:06,1.087870,1.087940,1.087810,1.087810,10
2023-07-03 04:07,1.087830,1.087850,1.087600,1.087610,10
2023-07-03 04:08,1.087610,1.087710,1.087540,1.087710,10
2023-07-03 04:09,1.087710,1.087810,1.087690,1.087760,10
2023-07-03 04:10,1.087760,1.087840,1.087760,1.087840,10
2023-07-03 04:11,1.087860,1.088100,1.087860,1.088100,10
2023-07-03 04:12,1.088100,1.088310,1.088100,1.088310,10
2023-07-03 04:13,1.088320,1.088460,1.088260,1.088380,10
2023-07-03 04:14,1.088390,1.088460,1.088360,1.088430,10
2023-07-03 04:15,1.088410,1.088670,1.088390,1.088440,10
2023-07-03 04:16,1.088420,1.088530,1.088420,1.088510,10
2023-07-03 04:17,1.088510,1.088510,1.088200,1.088260,10
2023-07-03 04:18,1.088260,1.088290,1.088220,1.088220,10
2023-07-03 04:19,1.088230,1.088310,1.088230,1.088230,10
2023-07-03 04:20,1.088220,1.088410,1.088190,1.088340,10
2023-07-03 04:21,1.088340,1.088390,1.088280,1.088350,10
2023-07-03 04:22,1.088330,1.088480,1.088270,1.088470,10
2023-07-03 04:23,1.088470,1.088580,1.088470,1.088490,10
2023-07-03 04:24,1.088490,1.088490,1.088290,1.088360,10
2023-07-03 04:25,1.088370,1.088440,1.088300,1.088380,10
2023-07-03 04:26,1.088390,1.088490,1.088330,1.088340,10
2023-07-03 04:27,1.088350,1.088520,1.088350,1.088480,10
2023-07-03 04:28,1.088490,1.088730,1.088430,1.088700,10
2023-07-03 04:29,1.088700,1.088810,1.088690,1.088750,10
2023-07-03 04:30,1.088740,1.088790,1.088570,1.088600,10
2023-07-03 04:31,1.088600,1.088640,1.088580,1.088630,10
2023-07-03 04:32,1.088630,1.088750,1.088620,1.088750,10
2023-07-03 04:33,1.088740,1.088740,1.088600,1.088640,10
2023-07-03 04:34,1.088640,1.088850,1.088640,1.088700,10
2023-07-03 04:35,1.088730,1.088780,1.088630,1.088640,10
2023-07-03 04:36,1.088650,1.088730,1.088630,1.088720,10
2023-07-03 04:37,1.088710,1.088900,1.088710,1.088790,10
2023-07-03 04:38,1.088800,1.088840,1.088740,1.088760,10
2023-07-03 04:39,1.088760,1.088860,1.088690,1.088750,10
2023-07-03 04:40,1.088780,1.088800,1.088650,1.088700,10
2023-07-03 04:41,1.088700,1.088760,1.088630,1.088640,10
2023-07-03 04:42,1.088660,1.088740,1.088400,1.088450,10
2023-07-03 04:43,1.088450,1.088540,1.088380,1.088540,10
2023-07-03 04:44,1.088550,1.088690,1.088550,1.088670,10
2023-07-03 04:45,1.088670,1.088870,1.088670,1.088860,10
2023-07-03 04:46,1.088870,1.088900,1.088850,1.088890,10
2023-07-03 04:47,1.088890,1.088890,1.088680,1.088680,10
2023-07-03 04:48,1.088690,1.088780,1.088680,1.088780,10
2023-07-03 04:49,1.088760,1.088780,1.088690,1.088780,10
2023-07-03 04:50,1.088760,1.088780,1.088670,1.088690,10
2023-07-03 04:51,1.088680,1.088680,1.088520,1.088580,10
2023-07-03 04:52,1.088580,1.088680,1.088360,1.088390,10
2023-07-03 04:53,1.088400,1.088630,1.088400,1.088610,10
2023-07-03 04:54,1.088610,1.088630,1.088480,1.088490,10
2023-07-03 04:55,1.088490,1.088570,1.088420,1.088560,10
2023-07-03 04:56,1.088560,1.088610,1.088510,1.088520,10
2023-07-03 04:57,1.088530,1.088630,1.088430,1.088600,10
2023-07-03 04:58,1.088600,1.088660,1.088560,1.088570,10
2023-07-03 04:59,1.088570,1.088760,1.088570,1.088620,10
2023-07-03 05:00,1.088620,1.088740,1.088610,1.088690,10
2023-07-03 05:01,1.088690,1.088820,1.088650,1.088810,10
2023-07-03 05:02,1.088810,1.088900,1.088730,1.088750,10
2023-07-03 05:03,1.088740,1.089050,1.088730,1.089050,10
2023-07-03 05:04,1.089050,1.089090,1.088890,1.089080,10
2023-07-03 05:05,1.089080,1.089080,1.088780,1.088790,10
2023-07-03 05:06,1.088780,1.088920,1.088760,1.088900,10
2023-07-03 05:07,1.088900,1.088940,1.088850,1.088890,10
2023-07-03 05:08,1.088910,1.088970,1.088890,1.088890,10
2023-07-03 05:09,1.088880,1.088900,1.088810,1.088900,10
2023-07-03 05:10,1.088890,1.089130,1.088810,1.089030,10
2023-07-03 05:11,1.089040,1.089040,1.088840,1.088940,10
2023-07-03 05:12,1.088940,1.088990,1.088900,1.088940,10
2023-07-03 05:13,1.088920,1.088970,1.088870,1.088870,10
2023-07-03 05:14,1.088880,1.088890,1.088830,1.088880,10
2023-07-03 05:15,1.088870,1.088980,1.088780,1.088970,10
2023-07-03 05:16,1.088980,1.089040,1.088980,1.088980,10
2023-07-03 05:17,1.088990,1.088990,1.088910,1.088920,10
2023-07-03 05:18,1.088910,1.088950,1.088870,1.088880,10
2023-07-03 05:19,1.088890,1.088970,1.088830,1.088950,10
2023-07-03 05:20,1.088950,1.088950,1.088840,1.088860,10
2023-07-03 05:21,1.088850,1.088930,1.088830,1.088930,10
2023-07-03 05:22,1.088940,1.088950,1.088810,1.088840,10
2023-07-03 05:23,1.088830,1.089010,1.088810,1.088950,10
2023-07-03 05:24,1.088950,1.089000,1.088900,1.088980,10
2023-07-03 05:25,1.088980,1.088980,1.088790,1.088900,10
2023-07-03 05:26,1.088890,1.088920,1.088840,1.088860,10
2023-07-03 05:27,1.088870,1.088940,1.088860,1.088930,10
2023-07-03 05:28,1.088930,1.089010,1.088920,1.088930,10
2023-07-03 05:29,1.088940,1.088940,1.088800,1.088800,10
2023-07-03 05:30,1.088810,1.088860,1.088770,1.088850,10
2023-07-03 05:31,1.088830,1.088830,1.088630,1.088630,10
2023-07-03 05:32,1.088640,1.088640,1.088510,1.088600,10
2023-07-03 05:33,1.088590,1.088780,1.088590,1.088680,10
2023-07-03 05:34,1.088670,1.088690,1.088430,1.088530,10
2023-07-03 05:35,1.088540,1.088590,1.088420,1.088470,10
2023-07-03 05:36,1.088460,1.088480,1.088430,1.088430,10
2023-07-03 05:37,1.088430,1.088430,1.088270,1.088330,10
2023-07-03 05:38,1.088330,1.088400,1.088310,1.088310,10
2023-07-03 05:39,1.088320,1.088330,1.088220,1.088320,10
2023-07-03 05:40,1.088300,1.088300,1.088050,1.088090,10
2023-07-03 05:41,1.088080,1.088140,1.088020,1.088040,10
2023-07-03 05:42,1.088030,1.088040,1.087890,1.087920,10
2023-07-03 05:43,1.087920,1.087930,1.087830,1.087920,10
2023-07-03 05:44,1.087920,1.087920,1.087800,1.087830,10
2023-07-03 05:45,1.087810,1.087810,1.087610,1.087670,10
2023-07-03 05:46,1.087650,1.087880,1.087600,1.087800,10
2023-07-03 05:47,1.087800,1.088010,1.087750,1.087960,10
2023-07-03 05:48,1.087980,1.088300,1.087980,1.088300,10
2023-07-03 05:49,1.088300,1.088370,1.088270,1.088370,10
2023-07-03 05:50,1.088360,1.088420,1.088350,1.088370,10
2023-07-03 05:51,1.088380,1.088600,1.088350,1.088600,10
2023-07-03 05:52,1.088620,1.088810,1.088620,1.088760,10
2023-07-03 05:53,1.088770,1.088840,1.088760,1.088820,10
2023-07-03 05:54,1.088820,1.088870,1.088750,1.088810,10
2023-07-03 05:55,1.088800,1.088920,1.088800,1.088800,10
2023-07-03 05:56,1.088820,1.089170,1.088780,1.089000,10
2023-07-03 05:57,1.089010,1.089060,1.088940,1.088960,10
2023-07-03 05:58,1.088960,1.089110,1.088940,1.088950,10
2023-07-03 05:59,1.088960,1.089020,1.088950,1.089000,10
2023-07-03 07:00,1.089200,1.089200,1.088990,1.089000,10
2023-07-03 07:01,1.088990,1.089040,1.088800,1.088830,10
2023-07-03 07:02,1.088850,1.088860,1.088710,1.088790,10
2023-07-03 07:03,1.088790,1.089010,1.088790,1.089000,10
2023-07-03 07:04,1.089020,1.089110,1.089020,1.089090,10
2023-07-03 07:05,1.089100,1.089200,1.089050,1.089200,10
2023-07-03 07:06,1.089210,1.089490,1.089210,1.089470,10
2023-07-03 07:07,1.089470,1.089860,1.089450,1.089800,10
2023-07-03 07:08,1.089800,1.089900,1.089760,1.089850,10
2023-07-03 07:09,1.089860,1.090060,1.089800,1.089940,10
2023-07-03 07:10,1.089940,1.090110,1.089890,1.089960,10
2023-07-03 07:11,1.090010,1.090020,1.089850,1.089960,10
2023-07-03 07:12,1.089990,1.090120,1.089870,1.090120,10
2023-07-03 07:13,1.090120,1.090120,1.090000,1.090010,10
2023-07-03 07:14,1.090020,1.090350,1.090020,1.090310,10
2023-07-03 07:15,1.090320,1.090370,1.090220,1.090370,10
2023-07-03 07:16,1.090370,1.090400,1.090290,1.090290,10
2023-07-03 07:17,1.090290,1.090360,1.090150,1.090310,10
2023-07-03 07:18,1.090310,1.090470,1.090290,1.090340,10
2023-07-03 07:19,1.090330,1.090330,1.090230,1.090240,10
2023-07-03 07:20,1.090240,1.090330,1.090130,1.090140,10
2023-07-03 07:21,1.090120,1.090120,1.089940,1.090040,10
2023-07-03 07:22,1.090050,1.090180,1.090040,1.090090,10
2023-07-03 07:23,1.090090,1.090090,1.089900,1.089930,10
2023-07-03 07:24,1.089950,1.089950,1.089750,1.089920,10
2023-07-03 07:25,1.089930,1.089950,1.089750,1.089750,10
2023-07-03 07:26,1.089750,1.089810,1.089710,1.089810,10
2023-07-03 07:27,1.089810,1.089810,1.089680,1.089680,10
2023-07-03 07:28,1.089690,1.089730,1.089670,1.089700,10
2023-07-03 07:29,1.089690,1.089690,1.089490,1.089490,10
2023-07-03 07:30,1.089490,1.089590,1.089320,1.089550,10
2023-07-03 07:31,1.089570,1.089660,1.089550,1.089610,10
2023-07-03 07:32,1.089620,1.089640,1.089490,1.089560,10
2023-07-03 07:33,1.089560,1.089570,1.089420,1.089500,10
2023-07-03 07:34,1.089490,1.089620,1.089490,1.089550,10
2023-07-03 07:35,1.089540,1.089660,1.089480,1.089660,10
2023-07-03 07:36,1.089660,1.089750,1.089530,1.089740,10
2023-07-03 07:37,1.089750,1.089840,1.089600,1.089600,10
2023-07-03 07:38,1.089600,1.089650,1.089590,1.089620,10
2023-07-03 07:39,1.089620,1.089660,1.089580,1.089580,10
2023-07-03 07:40,1.089590,1.089640,1.089490,1.089640,10
2023-07-03 07:41,1.089630,1.089860,1.089630,1.089860,10
2023-07-03 07:42,1.089850,1.089860,1.089630,1.089630,10
2023-07-03 07:43,1.089630,1.089650,1.089470,1.089530,10
2023-07-03 07:44,1.089530,1.089750,1.089470,1.089730,10
2023-07-03 07:45,1.089740,1.089750,1.089520,1.089520,10
2023-07-03 07:46,1.089510,1.089530,1.089410,1.089530,10
2023-07-03 07:47,1.089530,1.089530,1.089230,1.089320,10
2023-07-03 07:48,1.089310,1.089520,1.089290,1.089410,10
2023-07-03 07:49,1.089410,1.089740,1.089410,1.089740,10
2023-07-03 07:50,1.089740,1.089800,1.089740,1.089750,10
2023-07-03 07:51,1.089750,1.089870,1.089750,1.089790,10
2023-07-03 07:52,1.089780,1.089930,1.089770,1.089920,10
2023-07-03 07:53,1.089920,1.089960,1.089820,1.089820,10
2023-07-03 07:54,1.089810,1.089820,1.089600,1.089600,10
2023-07-03 07:55,1.089590,1.089910,1.089540,1.089840,10
2023-07-03 07:56,1.089840,1.089910,1.089740,1.089790,10
2023-07-03 07:57,1.089800,1.089840,1.089730,1.089820,10
2023-07-03 07:58,1.089820,1.089930,1.089800,1.089900,10
2023-07-03 07:59,1.089900,1.089940,1.089690,1.089910,10
2023-07-03 09:00,1.090890,1.091090,1.090830,1.091080,10
2023-07-03 09:01,1.091080,1.091130,1.091020,1.091080,10
2023-07-03 09:02,1.091080,1.091090,1.090850,1.090930,10
2023-07-03 09:03,1.090910,1.090910,1.090620,1.090670,10
2023-07-03 09:04,1.090670,1.090810,1.090660,1.090680,10
2023-07-03 09:05,1.090680,1.090710,1.090580,1.090620,10
2023-07-03 09:06,1.090610,1.090630,1.090560,1.090580,10
2023-07-03 09:07,1.090580,1.090600,1.090460,1.090530,10
2023-07-03 09:08,1.090520,1.090530,1.090420,1.090510,10
2023-07-03 09:09,1.090520,1.090580,1.090430,1.090580,10
2023-07-03 09:10,1.090590,1.090620,1.090460,1.090470,10
2023-07-03 09:11,1.090480,1.090620,1.090470,1.090610,10
2023-07-03 09:12,1.090600,1.090840,1.090600,1.090820,10
2023-07-03 09:13,1.090830,1.090960,1.090830,1.090940,10
2023-07-03 09:14,1.090940,1.090950,1.090750,1.090760,10
2023-07-03 09:15,1.090750,1.090810,1.090700,1.090720,10
2023-07-03 09:16,1.090710,1.091070,1.090710,1.091020,10
2023-07-03 09:17,1.091040,1.091250,1.091040,1.091160,10
2023-07-03 09:18,1.091160,1.091160,1.090960,1.091060,10
2023-07-03 09:19,1.091050,1.091150,1.091020,1.091100,10
2023-07-03 09:20,1.091130,1.091180,1.090980,1.091100,10
2023-07-03 09:21,1.091110,1.091130,1.090960,1.091010,10
2023-07-03 09:22,1.091000,1.091210,1.090950,1.091200,10
2023-07-03 09:23,1.091200,1.091290,1.091200,1.091220,10
2023-07-03 09:24,1.091220,1.091330,1.091220,1.091330,10
2023-07-03 09:25,1.091320,1.091340,1.091270,1.091320,10
2023-07-03 09:26,1.091310,1.091490,1.091260,1.091420,10
2023-07-03 09:27,1.091430,1.091440,1.091320,1.091410,10
2023-07-03 09:28,1.091440,1.091470,1.091270,1.091310,10
2023-07-03 09:29,1.091310,1.091350,1.091200,1.091350,10
2023-07-03 09:30,1.091350,1.091410,1.091280,1.091400,10
2023-07-03 09:31,1.091400,1.091450,1.091380,1.091390,10
2023-07-03 09:32,1.091380,1.091510,1.091340,1.091500,10
2023-07-03 09:33,1.091490,1.091680,1.091490,1.091610,10
2023-07-03 09:34,1.091600,1.091630,1.091450,1.091460,10
2023-07-03 09:35,1.091460,1.091460,1.091210,1.091260,10
2023-07-03 09:36,1.091260,1.091260,1.090730,1.090960,10
2023-07-03 09:37,1.090970,1.090970,1.090760,1.090870,10
2023-07-03 09:38,1.090890,1.091100,1.090890,1.091060,10
2023-07-03 09:39,1.091050,1.091200,1.091050,1.091170,10
2023-07-03 09:40,1.091170,1.091200,1.091020,1.091080,10
2023-07-03 09:41,1.091080,1.091080,1.090710,1.090730,10
2023-07-03 09:42,1.090730,1.091020,1.090710,1.091020,10
2023-07-03 09:43,1.091020,1.091140,1.090990,1.091010,10
2023-07-03 09:44,1.091020,1.091210,1.091010,1.091180,10
2023-07-03 09:45,1.091180,1.091970,1.091180,1.091870,10
2023-07-03 09:46,1.091860,1.092040,1.091760,1.091760,10
2023-07-03 09:47,1.091750,1.091970,1.091590,1.091590,10
2023-07-03 09:48,1.091610,1.091730,1.091590,1.091610,10
2023-07-03 09:49,1.091610,1.091710,1.091420,1.091630,10
2023-07-03 09:50,1.091630,1.091740,1.091410,1.091470,10
2023-07-03 09:51,1.091480,1.091660,1.091480,1.091530,10
2023-07-03 09:52,1.091530,1.091630,1.091450,1.091630,10
2023-07-03 09:53,1.091640,1.091720,1.091480,1.091480,10
2023-07-03 09:54,1.091480,1.091570,1.091410,1.091490,10
2023-07-03 09:55,1.091490,1.091550,1.091140,1.091220,10
2023-07-03 09:56,1.091200,1.091320,1.091160,1.091240,10
2023-07-03 09:57,1.091230,1.091340,1.091060,1.091320,10
2023-07-03 09:58,1.091320,1.091320,1.091100,1.091170,10
2023-07-03 09:59,1.091180,1.091360,1.091110,1.091360,10
2023-07-03 10:00,1.091320,1.093350,1.091320,1.092870,10
2023-07-03 10:01,1.092880,1.093390,1.092770,1.092770,10
2023-07-03 10:02,1.092770,1.092830,1.092340,1.092520,10
2023-07-03 10:03,1.092570,1.093130,1.092530,1.092680,10
2023-07-03 10:04,1.092660,1.092840,1.092460,1.092580,10
2023-07-03 10:05,1.092570,1.092570,1.092150,1.092310,10
2023-07-03 10:06,1.092310,1.092400,1.092210,1.092240,10
2023-07-03 10:07,1.092260,1.092580,1.092240,1.092270,10
2023-07-03 10:08,1.092270,1.092560,1.092120,1.092310,10
2023-07-03 10:09,1.092320,1.092410,1.092190,1.092290,10
2023-07-03 10:10,1.092280,1.092290,1.091910,1.091970,10
2023-07-03 10:11,1.091960,1.092070,1.091590,1.091670,10
2023-07-03 10:12,1.091670,1.091710,1.091560,1.091580,10
2023-07-03 10:13,1.091570,1.091900,1.091560,1.091670,10
2023-07-03 10:14,1.091670,1.091770,1.091480,1.091750,10
2023-07-03 10:15,1.091740,1.091760,1.091530,1.091580,10
2023-07-03 10:16,1.091580,1.091580,1.091060,1.091210,10
2023-07-03 10:17,1.091210,1.091610,1.091180,1.091480,10
2023-07-03 10:18,1.091470,1.091490,1.091270,1.091270,10
2023-07-03 10:19,1.091280,1.091370,1.091090,1.091190,10
2023-07-03 10:20,1.091180,1.091280,1.091040,1.091040,10
2023-07-03 10:21,1.091040,1.091040,1.090910,1.091030,10
2023-07-03 10:22,1.091030,1.091220,1.091000,1.091170,10
2023-07-03 10:23,1.091150,1.091150,1.090940,1.091080,10
2023-07-03 10:24,1.091080,1.091340,1.091060,1.091270,10
2023-07-03 10:25,1.091270,1.091320,1.091020,1.091080,10
2023-07-03 10:26,1.091070,1.091270,1.091070,1.091190,10
2023-07-03 10:27,1.091180,1.091260,1.091030,1.091030,10
2023-07-03 10:28,1.091020,1.091100,1.090880,1.091000,10
2023-07-03 10:29,1.091010,1.091010,1.090910,1.090940,10
2023-07-03 10:30,1.090950,1.090980,1.090800,1.090860,10
2023-07-03 10:31,1.090870,1.090970,1.090770,1.090810,10
2023-07-03 10:32,1.090790,1.091010,1.090760,1.090990,10
2023-07-03 10:33,1.090980,1.091000,1.090840,1.090960,10
2023-07-03 10:34,1.090970,1.091010,1.090920,1.090920,10
2023-07-03 10:35,1.090920,1.091010,1.090810,1.090980,10
2023-07-03 10:36,1.090980,1.091020,1.090590,1.090700,10
2023-07-03 10:37,1.090690,1.090860,1.090620,1.090860,10
2023-07-03 10:38,1.090880,1.090990,1.090840,1.090920,10
2023-07-03 10:39,1.090930,1.091060,1.090890,1.090920,10
2023-07-03 10:40,1.090910,1.091080,1.090900,1.091010,10
2023-07-03 10:41,1.091020,1.091080,1.090870,1.090950,10
2023-07-03 10:42,1.090950,1.090960,1.090850,1.090900,10
2023-07-03 10:43,1.090910,1.090910,1.090700,1.090890,10
2023-07-03 10:44,1.090880,1.091000,1.090850,1.090980,10
2023-07-03 10:45,1.090990,1.091080,1.090860,1.090910,10
2023-07-03 10:46,1.090910,1.090920,1.090670,1.090680,10
2023-07-03 10:47,1.090670,1.090730,1.090470,1.090480,10
2023-07-03 10:48,1.090480,1.090580,1.090320,1.090560,10
2023-07-03 10:49,1.090570,1.090760,1.090560,1.090720,10
2023-07-03 10:50,1.090710,1.090770,1.090520,1.090530,10
2023-07-03 10:51,1.090530,1.090610,1.090300,1.090320,10
2023-07-03 10:52,1.090300,1.090460,1.090260,1.090270,10
2023-07-03 10:53,1.090280,1.090420,1.090260,1.090400,10
2023-07-03 10:54,1.090410,1.090770,1.090410,1.090760,10
2023-07-03 10:55,1.090760,1.090820,1.090510,1.090580,10
2023-07-03 10:56,1.090600,1.090690,1.090440,1.090470,10
2023-07-03 10:57,1.090460,1.090620,1.090390,1.090620,10
2023-07-03 10:58,1.090620,1.090730,1.090570,1.090680,10
2023-07-03 10:59,1.090670,1.090740,1.090570,1.090670,10
2023-07-03 13:00,1.091580,1.091630,1.091520,1.091580,10
2023-07-03 13:01,1.091570,1.091610,1.091560,1.091570,10
2023-07-03 13:02,1.091560,1.091600,1.091550,1.091580,10
2023-07-03 13:03,1.091580,1.091580,1.091430,1.091430,10
2023-07-03 13:04,1.091420,1.091420,1.091370,1.091370,10
2023-07-03 13:05,1.091380,1.091380,1.091320,1.091330,10
2023-07-03 13:06,1.091310,1.091350,1.091300,1.091340,10
2023-07-03 13:07,1.091340,1.091340,1.091250,1.091280,10
2023-07-03 13:08,1.091270,1.091280,1.091120,1.091200,10
2023-07-03 13:09,1.091200,1.091200,1.091200,1.091200,10
2023-07-03 13:10,1.091200,1.091310,1.091200,1.091240,10
2023-07-03 13:11,1.091270,1.091280,1.091230,1.091240,10
2023-07-03 13:12,1.091240,1.091320,1.091240,1.091320,10
2023-07-03 13:13,1.091320,1.091380,1.091280,1.091370,10
2023-07-03 13:14,1.091350,1.091360,1.091330,1.091340,10
2023-07-03 13:15,1.091340,1.091340,1.091270,1.091270,10
2023-07-03 13:16,1.091280,1.091350,1.091270,1.091350,10
2023-07-03 13:17,1.091350,1.091400,1.091350,1.091390,10
2023-07-03 13:18,1.091390,1.091400,1.091370,1.091370,10
2023-07-03 13:19,1.091370,1.091370,1.091280,1.091290,10
2023-07-03 13:20,1.091290,1.091300,1.091280,1.091300,10
2023-07-03 13:21,1.091290,1.091300,1.091280,1.091280,10
2023-07-03 13:22,1.091270,1.091360,1.091270,1.091350,10
2023-07-03 13:23,1.091360,1.091380,1.091360,1.091380,10
2023-07-03 13:24,1.091390,1.091450,1.091390,1.091420,10
2023-07-03 13:25,1.091430,1.091450,1.091420,1.091440,10
2023-07-03 13:26,1.091440,1.091450,1.091430,1.091450,10
2023-07-03 13:27,1.091440,1.091550,1.091440,1.091530,10
2023-07-03 13:28,1.091540,1.091550,1.091430,1.091450,10
2023-07-03 13:29,1.091440,1.091450,1.091430,1.091450,10
2023-07-03 13:30,1.091430,1.091430,1.091420,1.091430,10
2023-07-03 13:31,1.091430,1.091460,1.091420,1.091450,10
2023-07-03 13:32,1.091460,1.091460,1.091430,1.091450,10
2023-07-03 13:33,1.091440,1.091460,1.091400,1.091410,10
2023-07-03 13:34,1.091400,1.091410,1.091310,1.091340,10
2023-07-03 13:35,1.091330,1.091340,1.091320,1.091320,10
2023-07-03 13:36,1.091320,1.091340,1.091310,1.091310,10
2023-07-03 13:37,1.091320,1.091320,1.091260,1.091270,10
2023-07-03 13:38,1.091270,1.091340,1.091260,1.091330,10
2023-07-03 13:39,1.091330,1.091330,1.091260,1.091270,10
2023-07-03 13:40,1.091280,1.091300,1.091220,1.091220,10
2023-07-03 13:41,1.091240,1.091280,1.091240,1.091260,10
2023-07-03 13:42,1.091270,1.091320,1.091260,1.091260,10
2023-07-03 13:43,1.091260,1.091310,1.091260,1.091260,10
2023-07-03 13:44,1.091240,1.091260,1.091210,1.091230,10
2023-07-03 13:45,1.091220,1.091230,1.091160,1.091160,10
2023-07-03 13:46,1.091160,1.091210,1.091160,1.091210,10
2023-07-03 13:47,1.091210,1.091260,1.091210,1.091260,10
2023-07-03 13:48,1.091260,1.091270,1.091150,1.091170,10
2023-07-03 13:49,1.091190,1.091190,1.091110,1.091110,10
2023-07-03 13:50,1.091140,1.091140,1.091100,1.091110,10
2023-07-03 13:51,1.091110,1.091120,1.091100,1.091100,10
2023-07-03 13:52,1.091110,1.091110,1.091110,1.091110,10
2023-07-03 13:53,1.091110,1.091110,1.091110,1.091110,10
2023-07-03 13:54,1.091110,1.091110,1.091060,1.091060,10
2023-07-03 13:55,1.091050,1.091060,1.091050,1.091050,10
2023-07-03 13:56,1.091060,1.091060,1.091000,1.091010,10
2023-07-03 13:57,1.091000,1.091010,1.090950,1.090950,10
2023-07-03 13:58,1.090970,1.090980,1.090900,1.090910,10
2023-07-03 13:59,1.090910,1.090920,1.090830,1.090830,10
2023-07-03 14:00,1.090860,1.090960,1.090860,1.090960,10
2023-07-03 14:01,1.090950,1.090970,1.090950,1.090970,10
2023-07-03 14:02,1.090970,1.090980,1.090960,1.090970,10
2023-07-03 14:03,1.090960,1.090980,1.090960,1.090980,10
2023-07-03 14:04,1.090980,1.091000,1.090960,1.090960,10
2023-07-03 14:05,1.090950,1.090950,1.090900,1.090920,10
2023-07-03 14:06,1.090920,1.091020,1.090910,1.091020,10
2023-07-03 14:07,1.091020,1.091030,1.091000,1.091010,10
2023-07-03 14:08,1.090990,1.091030,1.090980,1.091010,10
2023-07-03 14:09,1.091020,1.091020,1.091010,1.091020,10
2023-07-03 14:10,1.091010,1.091070,1.091010,1.091070,10
2023-07-03 14:11,1.091060,1.091140,1.091060,1.091140,10
2023-07-03 14:12,1.091150,1.091190,1.091150,1.091160,10
2023-07-03 14:13,1.091170,1.091260,1.091170,1.091260,10
2023-07-03 14:14,1.091250,1.091250,1.091170,1.091200,10
2023-07-03 14:15,1.091210,1.091210,1.091140,1.091150,10
2023-07-03 14:16,1.091160,1.091160,1.091100,1.091100,10
2023-07-03 14:17,1.091110,1.091120,1.091100,1.091100,10
2023-07-03 14:18,1.091110,1.091120,1.091100,1.091110,10
2023-07-03 14:19,1.091130,1.091160,1.091120,1.091160,10
2023-07-03 14:20,1.091160,1.091180,1.091160,1.091180,10
2023-07-03 14:21,1.091170,1.091180,1.091170,1.091180,10
2023-07-03 14:22,1.091180,1.091210,1.091170,1.091210,10
2023-07-03 14:23,1.091220,1.091260,1.091210,1.091210,10
2023-07-03 14:24,1.091220,1.091240,1.091210,1.091220,10
2023-07-03 14:25,1.091210,1.091210,1.091160,1.091160,10
2023-07-03 14:26,1.091190,1.091220,1.091130,1.091220,10
2023-07-03 14:27,1.091200,1.091220,1.091200,1.091220,10
2023-07-03 14:28,1.091240,1.091260,1.091220,1.091230,10
2023-07-03 14:29,1.091230,1.091230,1.091220,1.091220,10
2023-07-03 14:30,1.091210,1.091210,1.091120,1.091120,10
2023-07-03 14:31,1.091150,1.091200,1.091120,1.091160,10
2023-07-03 14:32,1.091170,1.091170,1.091040,1.091050,10
2023-07-03 14:33,1.091040,1.091100,1.091040,1.091100,10
2023-07-03 14:34,1.091090,1.091120,1.091080,1.091110,10
2023-07-03 14:35,1.091120,1.091120,1.091070,1.091100,10
2023-07-03 14:36,1.091100,1.091120,1.091090,1.091100,10
2023-07-03 14:37,1.091090,1.091140,1.091090,1.091130,10
2023-07-03 14:38,1.091120,1.091130,1.091060,1.091060,10
2023-07-03 14:39,1.091040,1.091040,1.091010,1.091010,10
2023-07-03 14:40,1.091000,1.091020,1.090980,1.091000,10
2023-07-03 14:41,1.091000,1.091030,1.091000,1.091010,10
2023-07-03 14:42,1.091020,1.091020,1.091010,1.091010,10
2023-07-03 14:43,1.091000,1.091010,1.090980,1.091010,10
2023-07-03 14:44,1.091000,1.091030,1.091000,1.091030,10
2023-07-03 14:45,1.091020,1.091030,1.090980,1.091000,10
2023-07-03 14:46,1.090990,1.091020,1.090980,1.091010,10
2023-07-03 14:47,1.091000,1.091060,1.091000,1.091060,10
2023-07-03 14:48,1.091060,1.091140,1.091050,1.091130,10
2023-07-03 14:49,1.091130,1.091130,1.091130,1.091130,10
2023-07-03 14:50,1.091100,1.091110,1.091080,1.091100,10
2023-07-03 14:51,1.091100,1.091100,1.091100,1.091100,10
2023-07-03 14:52,1.091100,1.091150,1.091100,1.091100,10
2023-07-03 14:53,1.091100,1.091120,1.091090,1.091120,10
2023-07-03 14:54,1.091120,1.091150,1.091120,1.091130,10
2023-07-03 14:55,1.091130,1.091130,1.091110,1.091130,10
2023-07-03 14:56,1.091130,1.091130,1.091120,1.091120,10
2023-07-03 14:57,1.091120,1.091120,1.091080,1.091080,10
2023-07-03 14:58,1.091090,1.091120,1.090960,1.091070,10
2023-07-03 14:59,1.091060,1.091180,1.091020,1.091180,10
2023-07-03 16:00,1.090920,1.090960,1.090880,1.090930,10
2023-07-03 16:01,1.090930,1.090990,1.090930,1.090980,10
2023-07-03 16:02,1.090970,1.090970,1.090960,1.090970,10
2023-07-03 16:04,1.090990,1.091000,1.090950,1.090980,10
2023-07-03 16:05,1.090980,1.090980,1.090960,1.090960,10
2023-07-03 16:06,1.090960,1.090960,1.090960,1.090960,10
2023-07-03 16:07,1.090960,1.090980,1.090960,1.090980,10
2023-07-03 16:08,1.090970,1.091080,1.090970,1.091080,10
2023-07-03 16:09,1.091090,1.091160,1.091080,1.091140,10
2023-07-03 16:10,1.091160,1.091170,1.091150,1.091160,10
2023-07-03 16:11,1.091150,1.091210,1.091150,1.091180,10
2023-07-03 16:12,1.091190,1.091210,1.091180,1.091180,10
2023-07-03 16:13,1.091180,1.091200,1.091140,1.091140,10
2023-07-03 16:14,1.091140,1.091160,1.091140,1.091160,10
2023-07-03 16:15,1.091170,1.091170,1.091150,1.091160,10
2023-07-03 16:16,1.091160,1.091160,1.091080,1.091100,10
2023-07-03 16:17,1.091110,1.091120,1.091100,1.091110,10
2023-07-03 16:18,1.091120,1.091140,1.091120,1.091130,10
2023-07-03 16:19,1.091130,1.091130,1.091130,1.091130,10
2023-07-03 16:20,1.091140,1.091140,1.091140,1.091140,10
2023-07-03 16:21,1.091150,1.091150,1.091140,1.091150,10
2023-07-03 16:22,1.091140,1.091140,1.091140,1.091140,10
2023-07-03 16:23,1.091150,1.091150,1.091150,1.091150,10
2023-07-03 16:24,1.091140,1.091140,1.091140,1.091140,10
2023-07-03 16:25,1.091140,1.091140,1.091120,1.091120,10
2023-07-03 16:26,1.091120,1.091120,1.091120,1.091120,10
2023-07-03 16:27,1.091130,1.091130,1.091120,1.091130,10
2023-07-03 16:28,1.091120,1.091170,1.091120,1.091170,10
2023-07-03 16:29,1.091190,1.091200,1.091170,1.091200,10
2023-07-03 16:30,1.091190,1.091190,1.091160,1.091190,10
2023-07-03 16:31,1.091220,1.091220,1.091210,1.091220,10
2023-07-03 16:32,1.091230,1.091260,1.091230,1.091260,10
2023-07-03 16:33,1.091270,1.091280,1.091270,1.091270,10
2023-07-03 16:34,1.091290,1.091290,1.091280,1.091280,10
2023-07-03 16:35,1.091270,1.091310,1.091270,1.091290,10
2023-07-03 16:36,1.091290,1.091320,1.091290,1.091310,10
2023-07-03 16:37,1.091320,1.091330,1.091310,1.091330,10
2023-07-03 16:38,1.091330,1.091330,1.091310,1.091320,10
2023-07-03 16:39,1.091340,1.091340,1.091320,1.091330,10
2023-07-03 16:40,1.091350,1.091360,1.091350,1.091360,10
2023-07-03 16:41,1.091370,1.091370,1.091370,1.091370,10
2023-07-03 16:42,1.091370,1.091370,1.091350,1.091350,10
2023-07-03 16:43,1.091350,1.091380,1.091350,1.091380,10
2023-07-03 16:44,1.091370,1.091370,1.091370,1.091370,10
2023-07-03 16:45,1.091390,1.091390,1.091350,1.091350,10
2023-07-03 16:46,1.091360,1.091380,1.091350,1.091370,10
2023-07-03 16:47,1.091380,1.091380,1.091360,1.091360,10
2023-07-03 16:48,1.091370,1.091370,1.091370,1.091370,10
2023-07-03 16:49,1.091370,1.091370,1.091360,1.091360,10
2023-07-03 16:50,1.091370,1.091400,1.091350,1.091390,10
2023-07-03 16:51,1.091400,1.091400,1.091400,1.091400,10
2023-07-03 16:52,1.091390,1.091390,1.091370,1.091380,10
2023-07-03 16:53,1.091360,1.091370,1.091360,1.091370,10
2023-07-03 16:54,1.091370,1.091390,1.091360,1.091370,10
2023-07-03 16:55,1.091360,1.091380,1.091350,1.091360,10
2023-07-03 16:56,1.091360,1.091390,1.091360,1.091390,10
2023-07-03 16:57,1.091400,1.091440,1.091390,1.091410,10
2023-07-03 16:58,1.091420,1.091430,1.091340,1.091350,10
2023-07-03 16:59,1.091330,1.091330,1.091180,1.091190,10
2023-07-03 19:00,1.091240,1.091310,1.091230,1.091240,10
2023-07-03 19:01,1.091230,1.091230,1.091230,1.091230,10
2023-07-03 19:02,1.091210,1.091270,1.091210,1.091270,10
2023-07-03 19:03,1.091270,1.091300,1.091270,1.091280,10
2023-07-03 19:04,1.091260,1.091310,1.091260,1.091300,10
2023-07-03 19:05,1.091290,1.091360,1.091290,1.091350,10
2023-07-03 19:06,1.091360,1.091360,1.091360,1.091360,10
2023-07-03 19:07,1.091350,1.091350,1.091320,1.091330,10
2023-07-03 19:08,1.091330,1.091340,1.091320,1.091330,10
2023-07-03 19:09,1.091320,1.091370,1.091320,1.091370,10
2023-07-03 19:10,1.091380,1.091490,1.091380,1.091470,10
2023-07-03 19:11,1.091470,1.091480,1.091460,1.091480,10
2023-07-03 19:12,1.091480,1.091480,1.091450,1.091480,10
2023-07-03 19:13,1.091470,1.091480,1.091460,1.091460,10
2023-07-03 19:14,1.091470,1.091470,1.091410,1.091430,10
2023-07-03 19:15,1.091450,1.091480,1.091410,1.091460,10
2023-07-03 19:16,1.091460,1.091460,1.091460,1.091460,10
2023-07-03 19:17,1.091450,1.091450,1.091410,1.091430,10
2023-07-03 19:18,1.091420,1.091420,1.091350,1.091350,10
2023-07-03 19:19,1.091350,1.091360,1.091350,1.091350,10
2023-07-03 19:20,1.091360,1.091360,1.091340,1.091360,10
2023-07-03 19:21,1.091350,1.091360,1.091340,1.091360,10
2023-07-03 19:22,1.091360,1.091380,1.091360,1.091380,10
2023-07-03 19:23,1.091370,1.091370,1.091350,1.091350,10
2023-07-03 19:24,1.091370,1.091370,1.091350,1.091360,10
2023-07-03 19:25,1.091380,1.091390,1.091370,1.091380,10
2023-07-03 19:26,1.091370,1.091370,1.091350,1.091360,10
2023-07-03 19:30,1.091400,1.091420,1.091370,1.091390,10
2023-07-03 19:31,1.091390,1.091430,1.091390,1.091410,10
2023-07-03 19:32,1.091400,1.091410,1.091360,1.091370,10
2023-07-03 19:33,1.091360,1.091360,1.091350,1.091360,10
2023-07-03 19:34,1.091360,1.091360,1.091310,1.091310,10
2023-07-03 19:35,1.091320,1.091320,1.091300,1.091310,10
2023-07-03 19:36,1.091300,1.091310,1.091300,1.091310,10
2023-07-03 19:37,1.091300,1.091310,1.091270,1.091270,10
2023-07-03 19:38,1.091280,1.091280,1.091260,1.091260,10
2023-07-03 19:39,1.091270,1.091270,1.091270,1.091270,10
2023-07-03 19:40,1.091290,1.091330,1.091290,1.091320,10
2023-07-03 19:41,1.091320,1.091320,1.091310,1.091310,10
2023-07-03 19:42,1.091300,1.091310,1.091300,1.091310,10
2023-07-03 19:43,1.091300,1.091300,1.091300,1.091300,10
2023-07-03 19:44,1.091320,1.091320,1.091320,1.091320,10
2023-07-03 19:45,1.091320,1.091320,1.091300,1.091300,10
2023-07-03 19:46,1.091310,1.091320,1.091260,1.091300,10
2023-07-03 19:47,1.091310,1.091310,1.091300,1.091310,10
2023-07-03 19:48,1.091320,1.091320,1.091310,1.091320,10
2023-07-03 19:49,1.091310,1.091320,1.091310,1.091320,10
2023-07-03 19:50,1.091310,1.091330,1.091310,1.091330,10
2023-07-03 19:51,1.091320,1.091320,1.091260,1.091270,10
2023-07-03 19:52,1.091280,1.091280,1.091270,1.091280,10
2023-07-03 19:53,1.091270,1.091290,1.091270,1.091270,10
2023-07-03 19:54,1.091270,1.091270,1.091250,1.091260,10
2023-07-03 19:55,1.091270,1.091290,1.091240,1.091280,10
2023-07-03 19:56,1.091280,1.091320,1.091250,1.091250,10
2023-07-03 19:57,1.091260,1.091280,1.091220,1.091240,10
2023-07-03 19:58,1.091240,1.091260,1.091220,1.091240,10
2023-07-03 19:59,1.091250,1.091300,1.091240,1.091280,10
2023-07-03 20:00,1.091270,1.091270,1.091030,1.091030,10
2023-07-03 20:01,1.091050,1.091150,1.091010,1.091130,10
2023-07-03 20:02,1.091130,1.091130,1.091040,1.091040,10
2023-07-03 20:03,1.091050,1.091150,1.091040,1.091080,10
2023-07-03 20:04,1.091070,1.091100,1.091070,1.091080,10
2023-07-03 20:05,1.091090,1.091100,1.091070,1.091090,10
2023-07-03 20:06,1.091080,1.091080,1.091010,1.091070,10
2023-07-03 20:07,1.091050,1.091160,1.091050,1.091160,10
2023-07-03 20:08,1.091150,1.091330,1.091120,1.091310,10
2023-07-03 20:09,1.091320,1.091340,1.091220,1.091250,10
2023-07-03 20:10,1.091260,1.091330,1.091260,1.091330,10
2023-07-03 20:11,1.091340,1.091360,1.091320,1.091320,10
2023-07-03 20:12,1.091280,1.091280,1.091110,1.091110,10
2023-07-03 20:13,1.091090,1.091140,1.091080,1.091130,10
2023-07-03 20:14,1.091160,1.091190,1.091130,1.091160,10
2023-07-03 20:15,1.091150,1.091160,1.091130,1.091140,10
2023-07-03 20:16,1.091140,1.091180,1.091130,1.091160,10
2023-07-03 20:17,1.091160,1.091170,1.091160,1.091160,10
2023-07-03 20:18,1.091160,1.091160,1.091130,1.091130,10
2023-07-03 20:19,1.091130,1.091130,1.091060,1.091090,10
2023-07-03 20:20,1.091080,1.091130,1.091060,1.091130,10
2023-07-03 20:21,1.091140,1.091150,1.091120,1.091150,10
2023-07-03 20:22,1.091140,1.091140,1.091070,1.091100,10
2023-07-03 20:23,1.091090,1.091090,1.090990,1.091000,10
2023-07-03 20:24,1.091020,1.091020,1.090950,1.090950,10
2023-07-03 20:25,1.090960,1.091030,1.090960,1.091000,10
2023-07-03 20:26,1.091010,1.091010,1.091000,1.091000,10
2023-07-03 20:27,1.091010,1.091010,1.091000,1.091000,10
2023-07-03 20:28,1.091010,1.091040,1.090980,1.091010,10
2023-07-03 20:29,1.091020,1.091060,1.091010,1.091060,10
2023-07-03 20:30,1.091060,1.091100,1.091050,1.091060,10
2023-07-03 20:31,1.091060,1.091110,1.091050,1.091070,10
2023-07-03 20:32,1.091080,1.091110,1.091000,1.091000,10
2023-07-03 20:33,1.091030,1.091060,1.090980,1.091060,10
2023-07-03 20:34,1.091050,1.091070,1.091040,1.091060,10
2023-07-03 20:35,1.091040,1.091110,1.091030,1.091030,10
2023-07-03 20:36,1.091040,1.091060,1.091000,1.091050,10
2023-07-03 20:37,1.091040,1.091050,1.091020,1.091040,10
2023-07-03 20:38,1.091020,1.091030,1.090960,1.091000,10
2023-07-03 20:39,1.090990,1.091110,1.090960,1.091110,10
2023-07-03 20:40,1.091110,1.091120,1.091110,1.091110,10
2023-07-03 20:41,1.091120,1.091160,1.091120,1.091140,10
2023-07-03 20:42,1.091130,1.091160,1.091130,1.091140,10
2023-07-03 20:43,1.091160,1.091270,1.091150,1.091260,10
2023-07-03 20:44,1.091260,1.091260,1.091200,1.091210,10
2023-07-03 20:45,1.091210,1.091220,1.091170,1.091220,10
2023-07-03 20:46,1.091220,1.091300,1.091210,1.091230,10
2023-07-03 20:47,1.091230,1.091280,1.091220,1.091220,10
2023-07-03 20:48,1.091220,1.091220,1.091070,1.091070,10
2023-07-03 20:49,1.091060,1.091070,1.091010,1.091020,10
2023-07-03 20:50,1.091030,1.091080,1.091000,1.091080,10
2023-07-03 20:51,1.091110,1.091170,1.091110,1.091160,10
2023-07-03 20:52,1.091160,1.091170,1.091080,1.091090,10
2023-07-03 20:53,1.091090,1.091090,1.090920,1.090930,10
2023-07-03 20:54,1.090930,1.091040,1.090870,1.091040,10
2023-07-03 20:55,1.091000,1.091020,1.090870,1.090890,10
2023-07-03 20:56,1.090880,1.090910,1.090850,1.090860,10
2023-07-03 20:57,1.090850,1.091030,1.090850,1.091020,10
2023-07-03 20:58,1.091020,1.091050,1.091000,1.091020,10
2023-07-03 20:59,1.091020,1.091030,1.090960,1.090970,10
2023-07-03 21:00,1.090980,1.091030,1.090960,1.090980,10
2023-07-03 21:01,1.090980,1.091060,1.090980,1.091060,10
2023-07-03 21:02,1.091050,1.091080,1.091050,1.091060,10
2023-07-03 21:03,1.091050,1.091050,1.090950,1.090960,10
2023-07-03 21:04,1.090960,1.091000,1.090960,1.090970,10
2023-07-03 21:05,1.090960,1.090960,1.090890,1.090910,10
2023-07-03 21:06,1.090930,1.090950,1.090920,1.090920,10
2023-07-03 21:07,1.090950,1.090970,1.090910,1.090910,10
2023-07-03 21:08,1.090920,1.090930,1.090900,1.090920,10
2023-07-03 21:09,1.090910,1.090970,1.090910,1.090950,10
2023-07-03 21:10,1.090960,1.090980,1.090960,1.090970,10
2023-07-03 21:11,1.090950,1.090980,1.090920,1.090970,10
2023-07-03 21:12,1.090970,1.091060,1.090970,1.091060,10
2023-07-03 21:13,1.091060,1.091080,1.091050,1.091070,10
2023-07-03 21:14,1.091070,1.091120,1.091020,1.091110,10
2023-07-03 21:15,1.091120,1.091330,1.091110,1.091300,10
2023-07-03 21:16,1.091280,1.091420,1.091280,1.091420,10
2023-07-03 21:17,1.091400,1.091430,1.091380,1.091420,10
2023-07-03 21:18,1.091440,1.091470,1.091410,1.091420,10
2023-07-03 21:19,1.091410,1.091460,1.091370,1.091410,10
2023-07-03 21:20,1.091400,1.091440,1.091360,1.091420,10
2023-07-03 21:21,1.091420,1.091440,1.091400,1.091410,10
2023-07-03 21:22,1.091420,1.091460,1.091410,1.091450,10
2023-07-03 21:23,1.091460,1.091590,1.091450,1.091570,10
2023-07-03 21:24,1.091560,1.091610,1.091540,1.091610,10
2023-07-03 21:25,1.091610,1.091630,1.091600,1.091610,10
2023-07-03 21:26,1.091600,1.091610,1.091520,1.091520,10
2023-07-03 21:27,1.091520,1.091520,1.091460,1.091460,10
2023-07-03 21:28,1.091440,1.091440,1.091390,1.091430,10
2023-07-03 21:29,1.091440,1.091460,1.091410,1.091410,10
2023-07-03 21:30,1.091410,1.091410,1.091240,1.091260,10
2023-07-03 21:31,1.091260,1.091260,1.091150,1.091150,10
2023-07-03 21:32,1.091140,1.091200,1.091090,1.091200,10
2023-07-03 21:33,1.091200,1.091200,1.091080,1.091100,10
2023-07-03 21:34,1.091090,1.091090,1.091000,1.091000,10
2023-07-03 21:35,1.091010,1.091080,1.091010,1.091060,10
2023-07-03 21:36,1.091060,1.091200,1.091060,1.091150,10
2023-07-03 21:37,1.091150,1.091150,1.090990,1.090990,10
2023-07-03 21:38,1.090990,1.091050,1.090970,1.091050,10
2023-07-03 21:39,1.091060,1.091060,1.091010,1.091020,10
2023-07-03 21:40,1.091010,1.091090,1.091010,1.091030,10
2023-07-03 21:41,1.091020,1.091020,1.090920,1.090990,10
2023-07-03 21:42,1.091000,1.091040,1.091000,1.091010,10
2023-07-03 21:43,1.091020,1.091090,1.091010,1.091040,10
2023-07-03 21:44,1.091030,1.091060,1.091000,1.091010,10
2023-07-03 21:45,1.091000,1.091030,1.090820,1.090830,10
2023-07-03 21:46,1.090840,1.090850,1.090800,1.090850,10
2023-07-03 21:47,1.090870,1.090930,1.090860,1.090910,10
2023-07-03 21:48,1.090900,1.090950,1.090900,1.090920,10
2023-07-03 21:49,1.090910,1.091040,1.090910,1.091010,10
2023-07-03 21:50,1.091010,1.091010,1.090900,1.090900,10
2023-07-03 21:51,1.090910,1.090940,1.090900,1.090900,10
2023-07-03 21:52,1.090910,1.090960,1.090900,1.090940,10
2023-07-03 21:53,1.090950,1.090960,1.090910,1.090910,10
2023-07-03 21:54,1.090920,1.090960,1.090910,1.090960,10
2023-07-03 21:55,1.090940,1.090950,1.090860,1.090910,10
2023-07-03 21:56,1.090910,1.091070,1.090900,1.091070,10
2023-07-03 21:57,1.091070,1.091110,1.091040,1.091050,10
2023-07-03 21:58,1.091060,1.091090,1.091050,1.091050,10
2023-07-03 21:59,1.091060,1.091090,1.091050,1.091070,10
2023-07-03 22:00,1.091060,1.091130,1.091040,1.091070,10
2023-07-03 22:01,1.091060,1.091060,1.090950,1.090960,10
2023-07-03 22:02,1.090970,1.091020,1.090960,1.091020,10
2023-07-03 22:03,1.091020,1.091020,1.090930,1.090980,10
2023-07-03 22:04,1.090980,1.091010,1.090950,1.090950,10
2023-07-03 22:05,1.090940,1.090960,1.090880,1.090900,10
2023-07-03 22:06,1.090910,1.090920,1.090850,1.090850,10
2023-07-03 22:07,1.090860,1.090860,1.090820,1.090850,10
2023-07-03 22:08,1.090830,1.090840,1.090800,1.090830,10
2023-07-03 22:09,1.090840,1.090850,1.090800,1.090800,10
2023-07-03 22:10,1.090800,1.090800,1.090690,1.090700,10
2023-07-03 22:11,1.090690,1.090720,1.090690,1.090700,10
2023-07-03 22:12,1.090700,1.090700,1.090610,1.090630,10
2023-07-03 22:13,1.090630,1.090630,1.090580,1.090600,10
2023-07-03 22:14,1.090610,1.090610,1.090600,1.090600,10
2023-07-03 22:15,1.090630,1.090650,1.090620,1.090620,10
2023-07-03 22:16,1.090600,1.090640,1.090600,1.090620,10
2023-07-03 22:17,1.090620,1.090700,1.090620,1.090640,10
2023-07-03 22:18,1.090640,1.090650,1.090580,1.090580,10
2023-07-03 22:19,1.090590,1.090600,1.090550,1.090550,10
2023-07-03 22:20,1.090560,1.090600,1.090550,1.090580,10
2023-07-03 22:21,1.090590,1.090590,1.090540,1.090540,10
2023-07-03 22:22,1.090540,1.090560,1.090540,1.090540,10
2023-07-03 22:23,1.090540,1.090540,1.090500,1.090510,10
2023-07-03 22:24,1.090510,1.090540,1.090500,1.090510,10
2023-07-03 22:25,1.090500,1.090530,1.090500,1.090530,10
2023-07-03 22:26,1.090530,1.090530,1.090500,1.090510,10
2023-07-03 22:27,1.090510,1.090520,1.090500,1.090500,10
2023-07-03 22:28,1.090490,1.090490,1.090450,1.090450,10
2023-07-03 22:29,1.090440,1.090460,1.090340,1.090340,10
2023-07-03 22:30,1.090340,1.090350,1.090250,1.090260,10
2023-07-03 22:31,1.090280,1.090320,1.090260,1.090280,10
2023-07-03 22:32,1.090280,1.090320,1.090280,1.090310,10
2023-07-03 22:33,1.090310,1.090340,1.090270,1.090280,10
2023-07-03 22:34,1.090290,1.090360,1.090290,1.090360,10
2023-07-03 22:35,1.090350,1.090350,1.090250,1.090260,10
2023-07-03 22:36,1.090250,1.090260,1.090240,1.090260,10
2023-07-03 22:37,1.090260,1.090260,1.090250,1.090260,10
2023-07-03 22:38,1.090260,1.090300,1.090250,1.090260,10
2023-07-03 22:39,1.090260,1.090300,1.090260,1.090280,10
2023-07-03 22:40,1.090280,1.090310,1.090280,1.090300,10
2023-07-03 22:41,1.090300,1.090300,1.090260,1.090270,10
2023-07-03 22:42,1.090270,1.090320,1.090270,1.090320,10
2023-07-03 22:43,1.090310,1.090330,1.090290,1.090290,10
2023-07-03 22:44,1.090300,1.090310,1.090260,1.090280,10
2023-07-03 22:45,1.090280,1.090290,1.090260,1.090260,10
2023-07-03 22:46,1.090280,1.090290,1.090260,1.090290,10
2023-07-03 22:47,1.090290,1.090300,1.090270,1.090280,10
2023-07-03 22:48,1.090280,1.090360,1.090270,1.090360,10
2023-07-03 22:49,1.090360,1.090420,1.090360,1.090410,10
2023-07-03 22:50,1.090430,1.090460,1.090420,1.090460,10
2023-07-03 22:51,1.090460,1.090500,1.090440,1.090490,10
2023-07-03 22:52,1.090490,1.090550,1.090430,1.090550,10
2023-07-03 22:53,1.090540,1.090540,1.090500,1.090520,10
2023-07-03 22:54,1.090520,1.090520,1.090500,1.090510,10
2023-07-03 22:55,1.090510,1.090550,1.090510,1.090520,10
2023-07-03 22:56,1.090520,1.090520,1.090500,1.090520,10
2023-07-03 22:57,1.090510,1.090510,1.090470,1.090510,10
2023-07-03 22:58,1.090510,1.090550,1.090500,1.090550,10
2023-07-03 22:59,1.090540,1.090560,1.090540,1.090550,10
2023-07-03 23:00,1.090540,1.090560,1.090480,1.090550,10
2023-07-03 23:01,1.090550,1.090560,1.090510,1.090510,10
2023-07-03 23:02,1.090520,1.090520,1.090500,1.090500,10
2023-07-03 23:03,1.090490,1.090510,1.090410,1.090430,10
2023-07-03 23:04,1.090450,1.090510,1.090440,1.090490,10
2023-07-03 23:05,1.090490,1.090490,1.090420,1.090440,10
2023-07-03 23:06,1.090440,1.090440,1.090420,1.090430,10
2023-07-03 23:07,1.090430,1.090440,1.090410,1.090410,10
2023-07-03 23:08,1.090420,1.090480,1.090420,1.090480,10
2023-07-03 23:09,1.090480,1.090490,1.090460,1.090460,10
2023-07-03 23:10,1.090450,1.090490,1.090420,1.090460,10
2023-07-03 23:11,1.090450,1.090450,1.090430,1.090450,10
2023-07-03 23:12,1.090460,1.090460,1.090420,1.090430,10
2023-07-03 23:13,1.090430,1.090460,1.090430,1.090440,10
2023-07-03 23:14,1.090440,1.090440,1.090400,1.090410,10
2023-07-03 23:15,1.090410,1.090410,1.090390,1.090400,10
2023-07-03 23:16,1.090410,1.090550,1.090400,1.090520,10
2023-07-03 23:17,1.090520,1.090610,1.090520,1.090610,10
2023-07-03 23:18,1.090600,1.090610,1.090520,1.090530,10
2023-07-03 23:19,1.090530,1.090530,1.090530,1.090530,10
2023-07-03 23:20,1.090530,1.090540,1.090530,1.090530,10
2023-07-03 23:21,1.090530,1.090530,1.090520,1.090520,10
2023-07-03 23:22,1.090520,1.090590,1.090520,1.090540,10
2023-07-03 23:23,1.090540,1.090630,1.090540,1.090610,10
2023-07-03 23:24,1.090610,1.090610,1.090610,1.090610,10
2023-07-03 23:25,1.090610,1.090630,1.090610,1.090620,10
2023-07-03 23:26,1.090610,1.090610,1.090600,1.090610,10
2023-07-03 23:27,1.090600,1.090610,1.090590,1.090610,10
2023-07-03 23:28,1.090600,1.090620,1.090600,1.090610,10
2023-07-03 23:29,1.090600,1.090600,1.090510,1.090550,10
2023-07-03 23:30,1.090560,1.090610,1.090520,1.090610,10
2023-07-03 23:31,1.090630,1.090650,1.090600,1.090610,10
2023-07-03 23:32,1.090610,1.090610,1.090600,1.090600,10
2023-07-03 23:33,1.090610,1.090650,1.090600,1.090610,10
2023-07-03 23:34,1.090610,1.090730,1.090610,1.090720,10
2023-07-03 23:35,1.090710,1.090810,1.090710,1.090810,10
2023-07-03 23:36,1.090810,1.090810,1.090810,1.090810,10
2023-07-03 23:37,1.090810,1.090820,1.090810,1.090820,10
2023-07-03 23:38,1.090840,1.090910,1.090820,1.090820,10
2023-07-03 23:39,1.090830,1.090830,1.090760,1.090760,10
2023-07-03 23:40,1.090760,1.090800,1.090700,1.090750,10
2023-07-03 23:41,1.090730,1.090750,1.090710,1.090750,10
2023-07-03 23:42,1.090740,1.090740,1.090720,1.090720,10
2023-07-03 23:43,1.090710,1.090750,1.090700,1.090700,10
2023-07-03 23:44,1.090710,1.090740,1.090700,1.090710,10
2023-07-03 23:45,1.090720,1.090750,1.090700,1.090730,10
2023-07-03 23:46,1.090730,1.090750,1.090730,1.090750,10
2023-07-03 23:47,1.090740,1.090750,1.090730,1.090740,10
2023-07-03 23:48,1.090730,1.090740,1.090710,1.090740,10
2023-07-03 23:49,1.090730,1.090740,1.090700,1.090700,10
2023-07-03 23:50,1.090710,1.090740,1.090710,1.090710,10
2023-07-03 23:51,1.090720,1.090720,1.090700,1.090700,10
2023-07-03 23:52,1.090720,1.090740,1.090700,1.090730,10
2023-07-03 23:53,1.090720,1.090740,1.090660,1.090660,10
2023-07-03 23:54,1.090650,1.090650,1.090600,1.090610,10
2023-07-03 23:55,1.090620,1.090650,1.090610,1.090620,10
2023-07-03 23:56,1.090620,1.090620,1.090620,1.090620,10
2023-07-03 23:57,1.090610,1.090610,1.090520,1.090520,10
2023-07-03 23:58,1.090500,1.090510,1.090500,1.090510,10
2023-07-03 23:59,1.090510,1.090510,1.090440,1.090440,10